{"cameraMode":{"drawMode":0,"name":"Shaded","section":"Shading Mode"},"sceneLighting":false,"audioPlay":false,"sceneViewState":{"m_AlwaysRefresh":false,"showFog":true,"showSkybox":true,"showFlares":true,"showImageEffects":true,"showParticleSystems":true,"showVisualEffectGraphs":true,"m_FxEnabled":true},"in2DMode":false,"pivot":{"x":108.3303451538086,"y":-17.855693817138673,"z":-4.146112442016602},"rotation":{"x":0.21620137989521027,"y":0.08085526525974274,"z":-0.01796930842101574,"w":0.9728299379348755},"size":57.807701110839847,"orthographic":true}